time,value
0.05,1102
0.1,1084
0.15,1096
0.2,1130
0.25,1119
0.3,1002
0.35,1147
0.4,1086
0.45,1065
0.5,1097
0.55,1069
0.6,1091
0.65,1096
0.7,1085
0.75,1090
0.8,1105
0.85,1058
0.9,1118
0.95,1075
1.0,1141
1.05,1085
1.1,1027
1.15,1067
1.2,1029
1.25,1048
1.3,1077
1.35,1115
1.4,1118
1.45,1138
1.5,1083
1.55,1101
1.6,1162
1.65,1058
1.7,1071
1.75,1059
1.8,1067
1.85,1071
1.9,1155
1.95,1129
2.0,1129
2.05,1088
2.1,1144
2.15,1168
2.2,1135
2.25,1047
2.3,1102
2.35,1053
2.4,1113
2.45,1118
2.5,1084
2.55,1145
2.6,1107
2.65,1128
2.7,1107
2.75,1068
2.8,1133
2.85,1114
2.9,1085
2.95,1127
3.0,1091
3.05,1062
3.1,1084
3.15,1066
3.2,1053
3.25,1111
3.3,1084
3.35,1141
3.4,1071
3.45,1069
3.5,1013
3.55,1029
3.6,1084
3.65,1086
3.7,1101
3.75,1054
3.8,1078
3.85,1089
3.9,1107
3.95,1030
4.0,1020
4.05,1051
4.1,1070
4.15,1094
4.2,1101
4.25,1084
4.3,1082
4.35,1113
4.4,1053
4.45,1118
4.5,1080
4.55,1057
4.6,1136
4.65,1124
4.7,1132
4.75,1113
4.8,1101
4.85,1118
4.9,1077
4.95,1094
5.0,1121
5.05,1006
5.1,1048
5.15,1100
5.2,1070
5.25,1145
5.3,1063
5.35,1056
5.4,1134
5.45,1067
5.5,1101
5.55,1074
5.6,1065
5.65,1054
5.7,1161
5.75,1069
5.8,1103
5.85,1065
5.9,1102
5.95,1116
6.0,1078
6.05,1115
6.1,1092
6.15,1049
6.2,1091
6.25,1109
6.3,1056
6.35,1062
6.4,1128
6.45,1096
6.5,1047
6.55,1072
6.6,1056
6.65,1107
6.7,1064
6.75,1110
6.8,1092
6.85,1043
6.9,1083
6.95,1048
7.0,1073
7.05,1116
7.1,1097
7.15,1114
7.2,1080
7.25,1058
7.3,1086
7.35,1144
7.4,1087
7.45,1057
7.5,1066
7.55,1121
7.6,1086
7.65,1093
7.7,1104
7.75,1093
7.8,1031
7.85,1102
7.9,1060
7.95,1136
8.0,1123
8.05,1089
8.1,1052
8.15,1066
8.2,1102
8.25,1116
8.3,1166
8.35,1049
8.4,1092
8.45,1019
8.5,1049
8.55,1073
8.6,1056
8.65,1134
8.7,1127
8.75,1084
8.8,1024
8.85,1063
8.9,1137
8.95,1054
9.0,1047
9.05,1117
9.1,1042
9.15,1138
9.2,1074
9.25,1088
9.3,1080
9.35,1076
9.4,1099
9.45,1098
9.5,1088
9.55,1072
9.6,1076
9.65,1099
9.7,1115
9.75,1074
9.8,1154
9.85,1057
9.9,1075
9.95,1100
10.0,1118
10.05,1064
10.1,1113
10.15,1041
10.2,1059
10.25,1131
10.3,1068
10.35,1073
10.4,1046
10.45,1094
10.5,1107
10.55,1076
10.6,1099
10.65,1055
10.7,1114
10.75,1091
10.8,1121
10.85,1067
10.9,1070
10.95,1074
11.0,1099
11.05,1120
11.1,1044
11.15,1076
11.2,1021
11.25,1104
11.3,1077
11.35,1068
11.4,1096
11.45,1035
11.5,1087
11.55,1060
11.6,1123
11.65,1132
11.7,1122
11.75,1096
11.8,1159
11.85,1113
11.9,1060
11.95,1080
12.0,1042
12.05,1088
12.1,1111
12.15,1080
12.2,1077
12.25,1117
12.3,1031
12.35,1095
12.4,1136
12.45,1054
12.5,1084
12.55,1067
12.6,1062
12.65,1074
12.7,1124
12.75,1082
12.8,1045
12.85,1072
12.9,1034
12.95,1067
13.0,1109
13.05,1102
13.1,1050
13.15,1051
13.2,1033
13.25,1024
13.3,1084
13.35,1073
13.4,1098
13.45,1085
13.5,1068
13.55,1078
13.6,1076
13.65,985
13.7,1075
13.75,1010
13.8,1089
13.85,1039
13.9,1124
13.95,1112
14.0,1069
14.05,1073
14.1,1067
14.15,1067
14.2,1087
14.25,1106
14.3,1078
14.35,992
14.4,1084
14.45,1081
14.5,1092
14.55,1058
14.6,1101
14.65,1077
14.7,1082
14.75,1112
14.8,1049
14.85,1091
14.9,1086
14.95,1036
15.0,1079
15.05,1084
15.1,1030
15.15,1139
15.2,1093
15.25,1074
15.3,1039
15.35,1135
15.4,1014
15.45,1035
15.5,1027
15.55,1137
15.6,1082
15.65,1045
15.7,1084
15.75,1114
15.8,1086
15.85,1044
15.9,1050
15.95,1083
16.0,1032
16.05,1059
16.1,1085
16.15,1077
16.2,1049
16.25,989
16.3,985
16.35,984
16.4,1001
16.45,1046
16.5,1115
16.55,1037
16.6,1077
16.65,1034
16.7,1043
16.75,1116
16.8,1088
16.85,1088
16.9,1063
16.95,1072
17.0,1095
17.05,1092
17.1,1057
17.15,1054
17.2,1072
17.25,1057
17.3,1048
17.35,1089
17.4,987
17.45,1067
17.5,1075
17.55,1053
17.6,1057
17.65,1061
17.7,1079
17.75,1059
17.8,1036
17.85,1042
17.9,1091
17.95,1053
18.0,1105
18.05,1029
18.1,1060
18.15,1081
18.2,1085
18.25,1045
18.3,1071
18.35,1078
18.4,1089
18.45,1113
18.5,1059
18.55,1088
18.6,1082
18.65,1065
18.7,1064
18.75,1058
18.8,1097
18.85,1041
18.9,1046
18.95,1105
19.0,1077
19.05,1079
19.1,1121
19.15,1093
19.2,1049
19.25,1067
19.3,1114
19.35,1117
19.4,1066
19.45,1060
19.5,1109
19.55,1075
19.6,1078
19.65,1097
19.7,1048
19.75,1129
19.8,1109
19.85,1049
19.9,1086
19.95,1126
20.0,1078
20.05,1054
20.1,1093
20.15,1072
20.2,1104
20.25,1081
20.3,1023
20.35,1124
20.4,1110
20.45,1086
20.5,1113
20.55,1027
20.6,1060
20.65,1103
20.7,1046
20.75,1075
20.8,1103
20.85,1023
20.9,1068
20.95,1064
21.0,1062
21.05,1073
21.1,1004
21.15,1039
21.2,1080
21.25,1044
21.3,1143
21.35,1066
21.4,1068
21.45,1061
21.5,1028
21.55,1077
21.6,1100
21.65,1092
21.7,1069
21.75,1022
21.8,988
21.85,1040
21.9,1104
21.95,1042
22.0,1030
22.05,1038
22.1,1045
22.15,1080
22.2,994
22.25,1014
22.3,1035
22.35,1047
22.4,1019
22.45,1037
22.5,1057
22.55,1031
22.6,1035
22.65,1022
22.7,1084
22.75,1039
22.8,1016
22.85,1090
22.9,1017
22.95,1025
23.0,1072
23.05,1033
23.1,967
23.15,1005
23.2,1081
23.25,1001
23.3,1068
23.35,1031
23.4,1096
23.45,1050
23.5,1070
23.55,1109
23.6,1072
23.65,986
23.7,1083
23.75,1006
23.8,1060
23.85,983
23.9,1009
23.95,990
24.0,1070
24.05,1111
24.1,1092
24.15,1041
24.2,1089
24.25,1092
24.3,1082
24.35,1038
24.4,1070
24.45,983
24.5,1059
24.55,1100
24.6,1098
24.65,1057
24.7,1096
24.75,1070
24.8,1073
24.85,1055
24.9,1047
24.95,1036
25.0,1044
25.05,1051
25.1,1094
25.15,1078
25.2,1126
25.25,1072
25.3,1031
25.35,1041
25.4,1045
25.45,1037
25.5,1037
25.55,1029
25.6,1029
25.65,1042
25.7,1082
25.75,1087
25.8,1071
25.85,1060
25.9,1077
25.95,1064
26.0,1105
26.05,1090
26.1,1087
26.15,1148
26.2,1042
26.25,1075
26.3,1099
26.35,1051
26.4,1082
26.45,1158
26.5,1103
26.55,1102
26.6,1039
26.65,1071
26.7,1073
26.75,1100
26.8,1138
26.85,1034
26.9,1057
26.95,1028
27.0,1031
27.05,1019
27.1,1045
27.15,1077
27.2,1021
27.25,1098
27.3,1058
27.35,1033
27.4,1050
27.45,1090
27.5,1117
27.55,1044
27.6,1048
27.65,1040
27.7,1058
27.75,992
27.8,1038
27.85,1034
27.9,1069
27.95,1004
28.0,1056
28.05,994
28.1,1037
28.15,984
28.2,915
28.25,1046
28.3,1026
28.35,976
28.4,1046
28.45,1024
28.5,986
28.55,982
28.6,1003
28.65,990
28.7,1036
28.75,997
28.8,958
28.85,1016
28.9,1001
28.95,982
29.0,978
29.05,931
29.1,970
29.15,1032
29.2,1037
29.25,987
29.3,993
29.35,955
29.4,1021
29.45,982
29.5,1002
29.55,960
29.6,969
29.65,1000
29.7,1006
29.75,967
29.8,965
29.85,988
29.9,922
29.95,972
30.0,1024
30.05,1015
30.1,1033
30.15,1108
30.2,973
30.25,1003
30.3,1078
30.35,997
30.4,1047
30.45,1057
30.5,1029
30.55,1029
30.6,1050
30.65,1067
30.7,1033
30.75,1008
30.8,1046
30.85,1063
30.9,1053
30.95,1019
31.0,1033
31.05,1110
31.1,1098
31.15,1020
31.2,1060
31.25,1058
31.3,1023
31.35,1002
31.4,1066
31.45,1091
31.5,1020
31.55,1016
31.6,1019
31.65,997
31.7,1061
31.75,1030
31.8,1019
31.85,1058
31.9,1084
31.95,1042
32.0,1075
32.05,1000
32.1,1048
32.15,1014
32.2,1069
32.25,1116
32.3,1055
32.35,1072
32.4,1031
32.45,1046
32.5,1039
32.55,1093
32.6,999
32.65,1074
32.7,1080
32.75,1108
32.8,1058
32.85,1063
32.9,1051
32.95,1072
33.0,1112
33.05,1069
33.1,1083
33.15,1086
33.2,1047
33.25,1076
33.3,1024
33.35,1113
33.4,1061
33.45,1037
33.5,1069
33.55,1104
33.6,1060
33.65,1031
33.7,1081
33.75,1065
33.8,1086
33.85,1108
33.9,1013
33.95,1080
34.0,1134
34.05,1047
34.1,1089
34.15,1061
34.2,1081
34.25,1077
34.3,1060
34.35,1044
34.4,1090
34.45,1063
34.5,1099
34.55,1085
34.6,1019
34.65,1071
34.7,1085
34.75,1021
34.8,1071
34.85,1022
34.9,1014
34.95,991
35.0,981
35.05,1038
35.1,1003
35.15,1069
35.2,1060
35.25,1060
35.3,1030
35.35,1064
35.4,1034
35.45,996
35.5,1040
35.55,1055
35.6,1081
35.65,1075
35.7,1041
35.75,1061
35.8,1062
35.85,1071
35.9,974
35.95,1079
36.0,1044
36.05,1081
36.1,1049
36.15,1012
36.2,1024
36.25,1032
36.3,1054
36.35,1054
36.4,1065
36.45,1080
36.5,997
36.55,1063
36.6,1102
36.65,1048
36.7,1064
36.75,1098
36.8,1004
36.85,1070
36.9,1121
36.95,1034
37.0,1044
37.05,1097
37.1,992
37.15,1032
37.2,1058
37.25,1107
37.3,1097
37.35,1085
37.4,1070
37.45,1065
37.5,1113
37.55,1020
37.6,1088
37.65,1051
37.7,1073
37.75,1035
37.8,1076
37.85,1018
37.9,1029
37.95,1047
38.0,994
38.05,1075
38.1,1026
38.15,1085
38.2,1081
38.25,1130
38.3,1086
38.35,1066
38.4,1026
38.45,972
38.5,1034
38.55,977
38.6,1098
38.65,1026
38.7,1035
38.75,1018
38.8,1021
38.85,1062
38.9,1029
38.95,1061
39.0,1061
39.05,1078
39.1,1104
39.15,1084
39.2,1022
39.25,1065
39.3,1070
39.35,1028
39.4,1085
39.45,1026
39.5,1037
39.55,1056
39.6,1040
39.65,1007
39.7,1035
39.75,1037
39.8,1037
39.85,1032
39.9,1060
39.95,1103
40.0,1046
40.05,1074
40.1,1031
40.15,1023
40.2,1071
40.25,1078
40.3,1084
40.35,1052
40.4,1076
40.45,1079
40.5,1117
40.55,1071
40.6,1026
40.65,1039
40.7,1047
40.75,1038
40.8,1048
40.85,1105
40.9,1070
40.95,1079
41.0,1066
41.05,1101
41.1,1073
41.15,1055
41.2,1116
41.25,1058
41.3,1047
41.35,1092
41.4,1015
41.45,1029
41.5,1057
41.55,1050
41.6,1050
41.65,1083
41.7,1057
41.75,1035
41.8,1035
41.85,1084
41.9,1026
41.95,1098
42.0,1065
42.05,1014
42.1,1085
42.15,1033
42.2,1066
42.25,1115
42.3,1120
42.35,1100
42.4,1057
42.45,1102
42.5,1082
42.55,1092
42.6,1085
42.65,1082
42.7,1073
42.75,1106
42.8,1044
42.85,1037
42.9,1064
42.95,1043
43.0,1103
43.05,1030
43.1,1063
43.15,1068
43.2,1049
43.25,1069
43.3,1056
43.35,1035
43.4,1061
43.45,1036
43.5,1094
43.55,1086
43.6,1018
43.65,1078
43.7,986
43.75,1066
43.8,1099
43.85,1104
43.9,1060
43.95,1041
44.0,1039
44.05,1066
44.1,1041
44.15,1027
44.2,1088
44.25,1040
44.3,1067
44.35,1107
44.4,1029
44.45,1112
44.5,1051
44.55,1034
44.6,1044
44.65,1049
44.7,1107
44.75,1055
44.8,1033
44.85,1044
44.9,1016
44.95,1066
45.0,1082
45.05,1074
45.1,1065
45.15,1078
45.2,1094
45.25,1003
45.3,1058
45.35,1076
45.4,1099
45.45,1072
45.5,1069
45.55,1062
45.6,1071
45.65,1032
45.7,1103
45.75,1067
45.8,1038
45.85,1131
45.9,1098
45.95,1028
46.0,1101
46.05,1055
46.1,1085
46.15,1034
46.2,1040
46.25,1061
46.3,1016
46.35,1016
46.4,1031
46.45,1107
46.5,1048
46.55,1044
46.6,1123
46.65,1062
46.7,1127
46.75,1034
46.8,1037
46.85,1055
46.9,1010
46.95,1114
47.0,1081
47.05,1034
47.1,994
47.15,1034
47.2,1063
47.25,1093
47.3,1100
47.35,1110
47.4,1105
47.45,1071
47.5,1065
47.55,1046
47.6,1157
47.65,1029
47.7,1021
47.75,1052
47.8,1088
47.85,1033
47.9,1046
47.95,1063
48.0,1071
48.05,1055
48.1,1079
48.15,1062
48.2,1078
48.25,1054
48.3,1075
48.35,1012
48.4,1086
48.45,1111
48.5,1025
48.55,1035
48.6,1061
48.65,1072
48.7,1072
48.75,1058
48.8,1065
48.85,1048
48.9,1052
48.95,1069
49.0,1095
49.05,1056
49.1,1081
49.15,1155
49.2,1052
49.25,1014
49.3,1025
49.35,1017
49.4,1063
49.45,1032
49.5,1098
49.55,1070
49.6,1070
49.65,1059
49.7,1064
49.75,1075
49.8,980
49.85,1063
49.9,1042
49.95,1026
50.0,1025
50.05,1057
50.1,1094
50.15,979
50.2,984
50.25,1030
50.3,1029
50.35,993
50.4,1068
50.45,1033
50.5,1006
50.55,1037
50.6,997
50.65,990
50.7,1012
50.75,1011
50.8,1075
50.85,993
50.9,1013
50.95,978
51.0,1004
51.05,976
51.1,977
51.15,974
51.2,980
51.25,981
51.3,1058
51.35,991
51.4,986
51.45,985
51.5,1033
51.55,993
51.6,996
51.65,1003
51.7,932
51.75,975
51.8,955
51.85,1001
51.9,930
51.95,929
52.0,967
52.05,1008
52.1,953
52.15,992
52.2,946
52.25,1021
52.3,944
52.35,948
52.4,1003
52.45,952
52.5,1024
52.55,971
52.6,1028
52.65,1016
52.7,1005
52.75,981
52.8,991
52.85,973
52.9,1042
52.95,1012
53.0,1000
53.05,1072
53.1,1021
53.15,959
53.2,1012
53.25,1059
53.3,1010
53.35,1004
53.4,1015
53.45,1012
53.5,968
53.55,997
53.6,987
53.65,1022
53.7,1010
53.75,1031
53.8,965
53.85,999
53.9,959
53.95,1017
54.0,1030
54.05,1016
54.1,1053
54.15,990
54.2,1000
54.25,976
54.3,975
54.35,1018
54.4,963
54.45,978
54.5,995
54.55,1016
54.6,1008
54.65,1048
54.7,1005
54.75,952
54.8,1053
54.85,1040
54.9,998
54.95,1018
55.0,965
55.05,1030
55.1,1034
55.15,1052
55.2,1087
55.25,995
55.3,1046
55.35,1037
55.4,1025
55.45,1007
55.5,1067
55.55,1005
55.6,1056
55.65,973
55.7,1056
55.75,1000
55.8,997
55.85,1087
55.9,1032
55.95,1075
56.0,1055
56.05,1005
56.1,1130
56.15,1018
56.2,1002
56.25,985
56.3,985
56.35,1020
56.4,1009
56.45,1035
56.5,1061
56.55,994
56.6,1062
56.65,1029
56.7,1089
56.75,1016
56.8,1062
56.85,1032
56.9,1057
56.95,1034
57.0,1020
57.05,985
57.1,964
57.15,1072
57.2,1085
57.25,1013
57.3,1072
57.35,1074
57.4,1051
57.45,1087
57.5,1055
57.55,1045
57.6,1044
57.65,1047
57.7,1059
57.75,1042
57.8,1093
57.85,1096
57.9,1004
57.95,1163
58.0,1079
58.05,1095
58.1,1023
58.15,1034
58.2,1017
58.25,1093
58.3,1011
58.35,1081
58.4,1036
58.45,1045
58.5,1080
58.55,1070
58.6,1056
58.65,1051
58.7,1090
58.75,990
58.8,1098
58.85,1055
58.9,1070
58.95,1026
59.0,1025
59.05,1055
59.1,1120
59.15,1119
59.2,1069
59.25,1019
59.3,1042
59.35,1043
59.4,1037
59.45,1044
59.5,1056
59.55,1075
59.6,1068
59.65,1104
59.7,1046
59.75,1049
59.8,1007
59.85,1050
59.9,1068
59.95,1025
60.0,1018
60.05,1068
60.1,1062
60.15,1070
60.2,1128
60.25,1049
60.3,1071
60.35,1085
60.4,1044
60.45,1120
60.5,1100
60.55,1020
60.6,1035
60.65,1084
60.7,1052
60.75,1064
60.8,1084
60.85,1052
60.9,1006
60.95,1029
61.0,1088
61.05,1127
61.1,1053
61.15,1061
61.2,1079
61.25,1084
61.3,1097
61.35,1070
61.4,1089
61.45,1075
61.5,1021
61.55,1104
61.6,1064
61.65,1065
61.7,1112
61.75,995
61.8,1047
61.85,1062
61.9,1048
61.95,1106
62.0,1112
62.05,1097
62.1,1077
62.15,1008
62.2,1039
62.25,1046
62.3,1063
62.35,1044
62.4,1047
62.45,1008
62.5,1137
62.55,1114
62.6,1029
62.65,1067
62.7,1059
62.75,1060
62.8,1108
62.85,1135
62.9,1031
62.95,1067
63.0,1014
63.05,1049
63.1,1039
63.15,1049
63.2,1045
63.25,1063
63.3,1071
63.35,1052
63.4,1030
63.45,1051
63.5,1068
63.55,976
63.6,1022
63.65,1047
63.7,1044
63.75,1037
63.8,1035
63.85,1075
63.9,1082
63.95,1063
64.0,1092
64.05,1084
64.1,1091
64.15,1086
64.2,1042
64.25,1030
64.3,1036
64.35,1077
64.4,1024
64.45,1065
64.5,1091
64.55,1104
64.6,1060
64.65,1083
64.7,1121
64.75,1131
64.8,1097
64.85,1054
64.9,1085
64.95,1065
65.0,1047
65.05,1066
65.1,1059
65.15,1068
65.2,1043
65.25,1046
65.3,1072
65.35,1118
65.4,1118
65.45,1043
65.5,1070
65.55,1058
65.6,1094
65.65,1014
65.7,1059
65.75,1026
65.8,1062
65.85,1033
65.9,1067
65.95,1038
66.0,1045
66.05,1072
66.1,1060
66.15,1040
66.2,1072
66.25,1111
66.3,1098
66.35,1061
66.4,1079
66.45,1114
66.5,1073
66.55,1094
66.6,1063
66.65,1069
66.7,1056
66.75,1047
66.8,1080
66.85,1052
66.9,1070
66.95,1080
67.0,1047
67.05,1007
67.1,1007
67.15,1019
67.2,1011
67.25,1062
67.3,1129
67.35,1034
67.4,1048
67.45,1075
67.5,1067
67.55,1051
67.6,1088
67.65,1122
67.7,1087
67.75,1038
67.8,1047
67.85,1132
67.9,1081
67.95,1057
68.0,1019
68.05,1102
68.1,1098
68.15,1108
68.2,1054
68.25,1070
68.3,1093
68.35,1081
68.4,1075
68.45,1074
68.5,1093
68.55,1104
68.6,1074
68.65,1128
68.7,1109
68.75,1100
68.8,1098
68.85,1137
68.9,1123
68.95,1075
69.0,1050
69.05,1089
69.1,1043
69.15,1059
69.2,1013
69.25,1011
69.3,1071
69.35,1051
69.4,1061
69.45,1081
69.5,1076
69.55,1062
69.6,961
69.65,1002
69.7,1027
69.75,1025
69.8,1050
69.85,1114
69.9,1045
69.95,1083
70.0,1061
70.05,1062
70.1,980
70.15,1044
70.2,1088
70.25,1060
70.3,1011
70.35,1059
70.4,957
70.45,1022
70.5,1048
70.55,979
70.6,1035
70.65,1031
70.7,1002
70.75,1031
70.8,1010
70.85,1056
70.9,993
70.95,1033
71.0,1049
71.05,979
71.1,989
71.15,1041
71.2,1080
71.25,1026
71.3,1060
71.35,1097
71.4,1067
71.45,1043
71.5,1022
71.55,1042
71.6,1086
71.65,1007
71.7,1021
71.75,1084
71.8,1080
71.85,1113
71.9,1070
71.95,1067
72.0,1051
72.05,1071
72.1,1043
72.15,1077
72.2,1030
72.25,1048
72.3,1060
72.35,1054
72.4,1065
72.45,1063
72.5,1058
72.55,1015
72.6,1027
72.65,1009
72.7,1041
72.75,1086
72.8,1061
72.85,1080
72.9,1039
72.95,1062
73.0,1039
73.05,1048
73.1,1113
73.15,985
73.2,1067
73.25,1077
73.3,1055
73.35,1040
73.4,1050
73.45,1040
73.5,1030
73.55,1085
73.6,1084
73.65,1054
73.7,1136
73.75,1031
73.8,1094
73.85,1122
73.9,1068
73.95,1055
74.0,1023
74.05,1058
74.1,1054
74.15,1050
74.2,1082
74.25,1026
74.3,1108
74.35,1074
74.4,1091
74.45,1053
74.5,1092
74.55,1061
74.6,1102
74.65,1056
74.7,1098
74.75,1091
74.8,1044
74.85,1057
74.9,1070
74.95,1054
75.0,1015
75.05,1123
75.1,1028
75.15,1026
75.2,1056
75.25,1011
75.3,1035
75.35,995
75.4,1081
75.45,1056
75.5,1093
75.55,1101
75.6,1060
75.65,1021
75.7,1077
75.75,1045
75.8,1078
75.85,1035
75.9,1049
75.95,1024
76.0,1072
76.05,1045
76.1,1091
76.15,1038
76.2,1061
76.25,1068
76.3,1055
76.35,1021
76.4,1071
76.45,1053
76.5,1065
76.55,1017
76.6,1086
76.65,1052
76.7,1052
76.75,1111
76.8,1134
76.85,1092
76.9,1094
76.95,1055
77.0,1143
77.05,1060
77.1,993
77.15,1093
77.2,1104
77.25,1040
77.3,1042
77.35,1093
77.4,1092
77.45,1034
77.5,1062
77.55,1081
77.6,1095
77.65,1029
77.7,1075
77.75,1089
77.8,1049
77.85,1039
77.9,1093
77.95,1043
78.0,1059
78.05,1081
78.1,1077
78.15,1042
78.2,1091
78.25,1059
78.3,1076
78.35,1054
78.4,1022
78.45,1116
78.5,1050
78.55,1098
78.6,1088
78.65,1127
78.7,1024
78.75,1017
78.8,1002
78.85,1071
78.9,1014
78.95,1069
79.0,1087
79.05,1003
79.1,1068
79.15,1089
79.2,1025
79.25,1102
79.3,1064
79.35,1106
79.4,1113
79.45,1047
79.5,1060
79.55,1007
79.6,1105
79.65,1034
79.7,1022
79.75,1084
79.8,1043
79.85,1033
79.9,1088
79.95,1066
80.0,1055
80.05,1142
80.1,1042
80.15,1112
80.2,1064
80.25,1046
80.3,1032
80.35,1046
80.4,1032
80.45,1123
80.5,1098
80.55,1057
80.6,1038
80.65,1046
80.7,1046
80.75,1027
80.8,1065
80.85,1025
80.9,981
80.95,1071
81.0,1096
81.05,1058
81.1,1104
81.15,1118
81.2,1061
81.25,1007
81.3,1097
81.35,1006
81.4,1066
81.45,1057
81.5,1005
81.55,1033
81.6,1013
81.65,1100
81.7,1043
81.75,994
81.8,1049
81.85,1030
81.9,1071
81.95,1026
82.0,1026
82.05,1047
82.1,1041
82.15,1033
82.2,1044
82.25,1085
82.3,1046
82.35,1064
82.4,1088
82.45,1037
82.5,1060
82.55,1078
82.6,1047
82.65,1025
82.7,1045
82.75,1049
82.8,1064
82.85,1101
82.9,1073
82.95,1095
83.0,1086
83.05,1102
83.1,1053
83.15,1012
83.2,1003
83.25,1090
83.3,1040
83.35,1079
83.4,986
83.45,1084
83.5,1043
83.55,991
83.6,1072
83.65,1046
83.7,1065
83.75,1046
83.8,1099
83.85,1033
83.9,1008
83.95,1004
84.0,1065
84.05,1067
84.1,1073
84.15,1010
84.2,1038
84.25,1073
84.3,1036
84.35,1080
84.4,1146
84.45,1040
84.5,1025
84.55,1067
84.6,1080
84.65,1071
84.7,1082
84.75,1038
84.8,1059
84.85,1074
84.9,1059
84.95,1022
85.0,1052
85.05,1091
85.1,1061
85.15,1058
85.2,1100
85.25,1052
85.3,1081
85.35,1065
85.4,1063
85.45,1061
85.5,1012
85.55,1083
85.6,1059
85.65,1070
85.7,1067
85.75,1045
85.8,1028
85.85,1066
85.9,1060
85.95,1034
86.0,1042
86.05,1094
86.1,1081
86.15,1028
86.2,1087
86.25,1069
86.3,1049
86.35,1094
86.4,1062
86.45,1048
86.5,1104
86.55,1066
86.6,1028
86.65,1061
86.7,1061
86.75,1016
86.8,1103
86.85,1075
86.9,1054
86.95,1058
87.0,1098
87.05,1051
87.1,1076
87.15,1038
87.2,1075
87.25,1061
87.3,1036
87.35,1072
87.4,1052
87.45,1063
87.5,1042
87.55,1077
87.6,1042
87.65,1058
87.7,1044
87.75,1073
87.8,1051
87.85,1040
87.9,1047
87.95,1025
88.0,1050
88.05,1110
88.1,1106
88.15,1111
88.2,1091
88.25,1050
88.3,1018
88.35,1064
88.4,1049
88.45,1060
88.5,1007
88.55,1049
88.6,1079
88.65,1065
88.7,1036
88.75,1040
88.8,1062
88.85,974
88.9,1101
88.95,1051
89.0,1038
89.05,1083
89.1,1002
89.15,1072
89.2,1046
89.25,1096
89.3,1023
89.35,1015
89.4,999
89.45,1050
89.5,1018
89.55,1006
89.6,1062
89.65,1094
89.7,1031
89.75,1041
89.8,994
89.85,1052
89.9,1035
89.95,1036
90.0,1081
90.05,1071
90.1,983
90.15,1107
90.2,1089
90.25,1072
90.3,1028
90.35,1066
90.4,1062
90.45,1021
90.5,1035
90.55,1048
90.6,995
90.65,1086
90.7,1127
90.75,1068
90.8,1105
90.85,1025
90.9,1048
90.95,1141
91.0,1163
91.05,1011
91.1,1115
91.15,1017
91.2,1031
91.25,1065
91.3,1035
91.35,1061
91.4,1034
91.45,1113
91.5,1035
91.55,1072
91.6,1031
91.65,1044
91.7,968
91.75,1100
91.8,1091
91.85,1061
91.9,994
91.95,1008
92.0,1084
92.05,1063
92.1,1035
92.15,1057
92.2,1006
92.25,1020
92.3,1053
92.35,1032
92.4,1007
92.45,1074
92.5,1045
92.55,1098
92.6,1055
92.65,1014
92.7,1096
92.75,1117
92.8,1029
92.85,1029
92.9,1079
92.95,1054
93.0,1011
93.05,1056
93.1,1040
93.15,1031
93.2,1055
93.25,995
93.3,1060
93.35,1041
93.4,1048
93.45,1045
93.5,1046
93.55,1036
93.6,1092
93.65,1004
93.7,1075
93.75,1023
93.8,1059
93.85,1035
93.9,1023
93.95,1060
94.0,1009
94.05,1084
94.1,986
94.15,1017
94.2,1047
94.25,1034
94.3,1096
94.35,1060
94.4,1059
94.45,1050
94.5,1025
94.55,1094
94.6,1091
94.65,1030
94.7,999
94.75,1017
94.8,1039
94.85,1016
94.9,976
94.95,1067
95.0,1091
95.05,1093
95.1,1063
95.15,1074
95.2,1074
95.25,1126
95.3,1035
95.35,1056
95.4,1050
95.45,1075
95.5,1015
95.55,1003
95.6,1070
95.65,1052
95.7,1028
95.75,1027
95.8,946
95.85,1048
95.9,1052
95.95,1045
96.0,1085
96.05,987
96.1,1058
96.15,1076
96.2,1032
96.25,1084
96.3,1070
96.35,1016
96.4,1084
96.45,1005
96.5,1021
96.55,1081
96.6,1080
96.65,1046
96.7,1063
96.75,1050
96.8,1031
96.85,1015
96.9,1011
96.95,1017
97.0,1064
97.05,1011
97.1,1053
97.15,1047
97.2,1010
97.25,1068
97.3,1059
97.35,1049
97.4,1014
97.45,1041
97.5,1058
97.55,1047
97.6,1084
97.65,1017
97.7,997
97.75,1027
97.8,1088
97.85,1043
97.9,1029
97.95,1064
98.0,1028
98.05,1033
98.1,1007
98.15,1058
98.2,1073
98.25,1053
98.3,1023
98.35,1053
98.4,1056
98.45,1040
98.5,1070
98.55,1064
98.6,1084
98.65,1045
98.7,1039
98.75,1039
98.8,1034
98.85,1001
98.9,983
98.95,1076
99.0,1153
99.05,1040
99.1,1079
99.15,1047
99.2,1036
99.25,1016
99.3,1043
99.35,1078
99.4,1032
99.45,1086
99.5,1024
99.55,1052
99.6,1109
99.65,1035
99.7,1047
99.75,1078
99.8,1047
99.85,1075
99.9,981
99.95,1058
100.0,1086
100.05,1039
100.1,1081
100.15,1020
100.2,1068
100.25,1065
100.3,1088
100.35,1065
100.4,1038
100.45,1077
100.5,1066
100.55,1056
100.6,1064
100.65,1066
100.7,1033
100.75,1070
100.8,1026
100.85,1048
100.9,1090
100.95,1024
101.0,1008
101.05,989
101.1,1073
101.15,1054
101.2,1033
101.25,1033
101.3,1076
101.35,1072
101.4,1046
101.45,1078
101.5,1055
101.55,1055
101.6,980
101.65,1008
101.7,1032
101.75,1068
101.8,1104
101.85,1033
101.9,1094
101.95,1066
102.0,1013
102.05,1048
102.1,1047
102.15,1046
102.2,1032
102.25,1049
102.3,1060
102.35,1017
102.4,1085
102.45,1066
102.5,1001
102.55,1082
102.6,1044
102.65,996
102.7,1051
102.75,973
102.8,1085
102.85,1043
102.9,1047
102.95,1061
103.0,1068
103.05,1010
103.1,1064
103.15,1042
103.2,1006
103.25,1057
103.3,1050
103.35,1052
103.4,1096
103.45,1049
103.5,1101
103.55,1035
103.6,1033
103.65,966
103.7,1068
103.75,1012
103.8,1070
103.85,1029
103.9,1003
103.95,1031
104.0,1083
104.05,1043
104.1,1073
104.15,1022
104.2,1067
104.25,1001
104.3,1099
104.35,1046
104.4,991
104.45,1006
104.5,1064
104.55,1098
104.6,1002
104.65,1040
104.7,1027
104.75,1011
104.8,985
104.85,1011
104.9,1024
104.95,1033
105.0,1039
105.05,1038
105.1,1077
105.15,1071
105.2,1018
105.25,1086
105.3,1075
105.35,960
105.4,1042
105.45,926
105.5,1057
105.55,1052
105.6,1074
105.65,1016
105.7,1036
105.75,1047
105.8,1006
105.85,1041
105.9,987
105.95,1028
106.0,1025
106.05,1015
106.1,1080
106.15,1030
106.2,1040
106.25,1040
106.3,1000
106.35,1023
106.4,1023
106.45,1017
106.5,1021
106.55,995
106.6,1055
106.65,1021
106.7,1005
106.75,1016
106.8,995
106.85,1050
106.9,1009
106.95,1018
107.0,1076
107.05,1071
107.1,1060
107.15,1019
107.2,1010
107.25,1036
107.3,982
107.35,1028
107.4,1026
107.45,986
107.5,1017
107.55,1022
107.6,1031
107.65,1031
107.7,970
107.75,1018
107.8,1014
107.85,1010
107.9,1032
107.95,1029
108.0,1055
108.05,1029
108.1,1044
108.15,1044
108.2,1082
108.25,1008
108.3,1044
108.35,1037
108.4,1109
108.45,1028
108.5,998
108.55,985
108.6,1015
108.65,1028
108.7,1069
108.75,971
108.8,1027
108.85,1004
108.9,1067
108.95,979
109.0,1052
109.05,1023
109.1,1081
109.15,987
109.2,952
109.25,971
109.3,1058
109.35,1020
109.4,1020
109.45,1032
109.5,1020
109.55,1016
109.6,1038
109.65,978
109.7,1001
109.75,959
109.8,974
109.85,1000
109.9,1007
109.95,1023
110.0,992
110.05,1003
110.1,1028
110.15,993
110.2,1045
110.25,1041
110.3,1060
110.35,1015
110.4,1032
110.45,968
110.5,1023
110.55,1062
110.6,1123
110.65,1016
110.7,1020
110.75,1027
110.8,1008
110.85,1104
110.9,1012
110.95,1048
111.0,1056
111.05,1022
111.1,999
111.15,1091
111.2,1018
111.25,1047
111.3,1036
111.35,1092
111.4,1052
111.45,1009
111.5,1051
111.55,1013
111.6,1050
111.65,1096
111.7,1049
111.75,995
111.8,1006
111.85,978
111.9,1064
111.95,987
112.0,1054
112.05,972
112.1,1043
112.15,1020
112.2,1048
112.25,1058
112.3,1090
112.35,1032
112.4,990
112.45,978
112.5,1072
112.55,1032
112.6,1032
112.65,1023
112.7,1058
112.75,1068
112.8,1077
112.85,975
112.9,1004
112.95,1038
113.0,1060
113.05,1048
113.1,1034
113.15,1006
113.2,989
113.25,995
113.3,996
113.35,1048
113.4,1022
113.45,1016
113.5,988
113.55,938
113.6,992
113.65,1022
113.7,1043
113.75,1076
113.8,1002
113.85,1079
113.9,1036
113.95,1000
114.0,973
114.05,1044
114.1,962
114.15,963
114.2,1010
114.25,963
114.3,1017
114.35,968
114.4,1038
114.45,1098
114.5,1038
114.55,1070
114.6,1003
114.65,1067
114.7,1038
114.75,1031
114.8,950
114.85,986
114.9,1050
114.95,1003
115.0,1092
115.05,1051
115.1,1008
115.15,1050
115.2,1020
115.25,1034
115.3,938
115.35,1012
115.4,989
115.45,1023
115.5,1044
115.55,1049
115.6,984
115.65,979
115.7,1025
115.75,1017
115.8,1069
115.85,1039
115.9,1052
115.95,1042
116.0,1074
116.05,1017
116.1,983
116.15,1080
116.2,1019
116.25,1088
116.3,1082
116.35,1076
116.4,1045
116.45,1024
116.5,1124
116.55,1017
116.6,1015
116.65,1047
116.7,1087
116.75,1059
116.8,1076
116.85,1010
116.9,1050
116.95,1018
117.0,1036
117.05,1077
117.1,1041
117.15,1084
117.2,1056
117.25,1030
117.3,1056
117.35,1010
117.4,1063
117.45,1029
117.5,1072
117.55,1090
117.6,1070
117.65,1052
117.7,1066
117.75,1059
117.8,1070
117.85,1060
117.9,1053
117.95,997
118.0,1017
118.05,1020
118.1,1013
118.15,1051
118.2,1053
118.25,1042
118.3,1048
118.35,985
118.4,1041
118.45,1051
118.5,1000
118.55,1009
118.6,992
118.65,991
118.7,1062
118.75,1020
118.8,1066
118.85,1050
118.9,1042
118.95,1055
119.0,1027
119.05,1005
119.1,1042
119.15,1052
119.2,1038
119.25,1052
119.3,1044
119.35,1032
119.4,1050
119.45,1043
119.5,1048
119.55,1036
119.6,1009
119.65,1058
119.7,1059
119.75,1002
119.8,1017
119.85,1027
119.9,1016
119.95,1041
120.0,1032
120.05,1019
120.1,987
120.15,1024
120.2,1015
120.25,994
120.3,1079
120.35,993
120.4,1029
120.45,1004
120.5,1042
120.55,976
120.6,1101
120.65,1017
120.7,1015
120.75,1039
120.8,1044
120.85,988
120.9,1056
120.95,1014
121.0,1016
121.05,1062
121.1,1049
121.15,952
121.2,1059
121.25,1068
121.3,1056
121.35,1072
121.4,984
121.45,1065
121.5,945
121.55,1062
121.6,1041
121.65,1042
121.7,1027
121.75,996
121.8,1050
121.85,1020
121.9,1022
121.95,1019
122.0,1030
122.05,1082
122.1,950
122.15,1041
122.2,1016
122.25,1085
122.3,1050
122.35,1040
122.4,1030
122.45,986
122.5,1036
122.55,1047
122.6,1030
122.65,1063
122.7,1007
122.75,1008
122.8,1073
122.85,1031
122.9,996
122.95,1044
123.0,1049
123.05,1059
123.1,1064
123.15,1003
123.2,978
123.25,1107
123.3,1039
123.35,1058
123.4,1074
123.45,1131
123.5,1049
123.55,1091
123.6,1026
123.65,1005
123.7,1009
123.75,970
123.8,1016
123.85,1025
123.9,1028
123.95,1051
124.0,1016
124.05,1001
124.1,1062
124.15,1072
124.2,1066
124.25,1059
124.3,1034
124.35,992
124.4,987
124.45,1041
124.5,1055
124.55,987
124.6,999
124.65,1055
124.7,1037
124.75,999
124.8,1026
124.85,1043
124.9,994
124.95,1037
125.0,994
125.05,1002
125.1,1074
125.15,1027
125.2,995
125.25,1067
125.3,1074
125.35,1043
125.4,1042
125.45,1036
125.5,1025
125.55,1011
125.6,1020
125.65,1035
125.7,1031
125.75,1022
125.8,1010
125.85,1037
125.9,1027
125.95,984
126.0,981
126.05,1034
126.1,1032
126.15,1047
126.2,1062
126.25,1039
126.3,999
126.35,1016
126.4,1005
126.45,954
126.5,983
126.55,1047
126.6,1048
126.65,1005
126.7,1069
126.75,1007
126.8,1056
126.85,1029
126.9,1051
126.95,1045
127.0,937
127.05,1033
127.1,1038
127.15,984
127.2,1071
127.25,1044
127.3,1036
127.35,999
127.4,1043
127.45,1062
127.5,1014
127.55,1036
127.6,1023
127.65,1046
127.7,1055
127.75,1009
127.8,954
127.85,1010
127.9,1030
127.95,1042
128.0,1047
128.05,991
128.1,989
128.15,1003
128.2,1029
128.25,1033
128.3,1006
128.35,1034
128.4,1039
128.45,988
128.5,1041
128.55,986
128.6,1036
128.65,1057
128.7,1013
128.75,958
128.8,960
128.85,1003
128.9,980
128.95,1027
129.0,1002
129.05,1069
129.1,1044
129.15,1003
129.2,983
129.25,1032
129.3,985
129.35,1015
129.4,1040
129.45,1060
129.5,1053
129.55,1060
129.6,1022
129.65,997
129.7,1000
129.75,1026
129.8,1085
129.85,1028
129.9,1030
129.95,1056
130.0,1027
130.05,1011
130.1,1005
130.15,1075
130.2,1037
130.25,1008
130.3,1073
130.35,1088
130.4,1030
130.45,1056
130.5,1039
130.55,1081
130.6,1027
130.65,998
130.7,1018
130.75,1029
130.8,1006
130.85,974
130.9,1020
130.95,1044
131.0,992
131.05,967
131.1,1013
131.15,1001
131.2,1089
131.25,994
131.3,972
131.35,992
131.4,1027
131.45,1037
131.5,1027
131.55,957
131.6,1043
131.65,1002
131.7,1037
131.75,1058
131.8,942
131.85,1006
131.9,1020
131.95,1033
132.0,1021
132.05,1021
132.1,1039
132.15,1015
132.2,984
132.25,1029
132.3,1014
132.35,1035
132.4,1024
132.45,1037
132.5,1012
132.55,1042
132.6,1056
132.65,983
132.7,1103
132.75,1020
132.8,1068
132.85,978
132.9,1019
132.95,1067
133.0,992
133.05,980
133.1,1017
133.15,1040
133.2,1024
133.25,1028
133.3,1020
133.35,1020
133.4,1082
133.45,1030
133.5,1004
133.55,932
133.6,1008
133.65,996
133.7,1005
133.75,1058
133.8,943
133.85,1061
133.9,965
133.95,1014
134.0,1044
134.05,1062
134.1,1035
134.15,1050
134.2,990
134.25,1032
134.3,1032
134.35,1015
134.4,1030
134.45,1022
134.5,998
134.55,1038
134.6,1015
134.65,1034
134.7,1000
134.75,1021
134.8,1077
134.85,1067
134.9,992
134.95,1004
135.0,1012
135.05,957
135.1,980
135.15,1081
135.2,1059
135.25,1031
135.3,1041
135.35,1100
135.4,997
135.45,1001
135.5,970
135.55,1026
135.6,1043
135.65,1022
135.7,1018
135.75,1056
135.8,1044
135.85,1033
135.9,1089
135.95,1018
136.0,1025
136.05,999
136.1,1045
136.15,1046
136.2,997
136.25,1004
136.3,1037
136.35,1018
136.4,989
136.45,1022
136.5,1037
136.55,1067
136.6,1056
136.65,1092
136.7,1039
136.75,987
136.8,1036
136.85,968
136.9,1031
136.95,1022
137.0,1042
137.05,1027
137.1,1019
137.15,1005
137.2,1057
137.25,983
137.3,1035
137.35,1046
137.4,998
137.45,976
137.5,1029
137.55,1016
137.6,969
137.65,1029
137.7,1006
137.75,989
137.8,1031
137.85,1023
137.9,1037
137.95,1030
138.0,998
138.05,1103
138.1,1072
138.15,1047
138.2,993
138.25,1032
138.3,997
138.35,974
138.4,1042
138.45,971
138.5,1005
138.55,1035
138.6,1020
138.65,996
138.7,1002
138.75,981
138.8,1088
138.85,1046
138.9,985
138.95,1034
139.0,1022
139.05,1084
139.1,1093
139.15,1030
139.2,1021
139.25,1038
139.3,1003
139.35,990
139.4,1003
139.45,1021
139.5,993
139.55,1096
139.6,1037
139.65,1069
139.7,990
139.75,1038
139.8,1068
139.85,1009
139.9,1014
139.95,1064
140.0,999
140.05,972
140.1,1056
140.15,992
140.2,1016
140.25,1001
140.3,947
140.35,1006
140.4,1071
140.45,1043
140.5,1006
140.55,987
140.6,961
140.65,1008
140.7,1025
140.75,999
140.8,1045
140.85,981
140.9,1058
140.95,1015
141.0,1008
141.05,993
141.1,1036
141.15,1004
141.2,986
141.25,1017
141.3,1027
141.35,1042
141.4,934
141.45,997
141.5,992
141.55,1060
141.6,982
141.65,1039
141.7,988
141.75,979
141.8,994
141.85,1031
141.9,1008
141.95,1028
142.0,1022
142.05,976
142.1,1006
142.15,973
142.2,961
142.25,1055
142.3,957
142.35,1039
142.4,909
142.45,997
142.5,1025
142.55,937
142.6,922
142.65,963
142.7,992
142.75,960
142.8,940
142.85,1034
142.9,984
142.95,932
143.0,966
143.05,907
143.1,999
143.15,996
143.2,1013
143.25,996
143.3,953
143.35,899
143.4,1054
143.45,1017
143.5,924
143.55,1001
143.6,974
143.65,1004
143.7,968
143.75,918
143.8,981
143.85,978
143.9,982
143.95,980
144.0,1019
144.05,1001
144.1,1001
144.15,963
144.2,1022
144.25,993
144.3,1030
144.35,1019
144.4,946
144.45,981
144.5,1038
144.55,992
144.6,1000
144.65,1035
144.7,1023
144.75,985
144.8,1001
144.85,956
144.9,1042
144.95,1017
145.0,990
145.05,970
145.1,1020
145.15,1049
145.2,1014
145.25,1049
145.3,1018
145.35,1000
145.4,1025
145.45,1044
145.5,1010
145.55,992
145.6,1026
145.65,991
145.7,1010
145.75,1067
145.8,992
145.85,1025
145.9,1067
145.95,946
146.0,965
146.05,989
146.1,986
146.15,1020
146.2,961
146.25,1024
146.3,979
146.35,1047
146.4,965
146.45,970
146.5,989
146.55,980
146.6,1015
146.65,961
146.7,989
146.75,973
146.8,967
146.85,953
146.9,954
146.95,974
147.0,976
147.05,1024
147.1,1009
147.15,950
147.2,1050
147.25,1002
147.3,966
147.35,961
147.4,984
147.45,1009
147.5,1033
147.55,998
147.6,982
147.65,943
147.7,1007
147.75,984
147.8,1001
147.85,992
147.9,989
147.95,1065
148.0,1014
148.05,1034
148.1,988
148.15,992
148.2,987
148.25,1026
148.3,970
148.35,1034
148.4,949
148.45,927
148.5,1008
148.55,1030
148.6,966
148.65,957
148.7,930
148.75,964
148.8,1005
148.85,969
148.9,946
148.95,984
149.0,945
149.05,1018
149.1,1010
149.15,966
149.2,1005
149.25,1002
149.3,1035
149.35,1019
149.4,1020
149.45,1041
149.5,1024
149.55,1033
149.6,1013
149.65,937
149.7,1045
149.75,1012
149.8,944
149.85,991
149.9,980
149.95,982
150.0,1012
150.05,944
150.1,1007
150.15,1016
150.2,975
150.25,998
150.3,1082
150.35,960
150.4,950
150.45,985
150.5,929
150.55,946
150.6,1050
150.65,1020
150.7,1025
150.75,986
150.8,996
150.85,1021
150.9,992
150.95,993
151.0,1018
151.05,995
151.1,1014
151.15,984
151.2,952
151.25,978
151.3,959
151.35,975
151.4,1026
151.45,1004
151.5,1009
151.55,1043
151.6,934
151.65,980
151.7,991
151.75,1008
151.8,1005
151.85,972
151.9,969
151.95,920
152.0,989
152.05,1031
152.1,967
152.15,977
152.2,1038
152.25,1041
152.3,968
152.35,1023
152.4,1016
152.45,1004
152.5,1041
152.55,1002
152.6,929
152.65,991
152.7,1001
152.75,971
152.8,1013
152.85,950
152.9,1014
152.95,1008
153.0,1016
153.05,991
153.1,982
153.15,1032
153.2,998
153.25,987
153.3,953
153.35,1036
153.4,974
153.45,988
153.5,1036
153.55,970
153.6,974
153.65,938
153.7,1013
153.75,978
153.8,956
153.85,1089
153.9,1027
153.95,998
154.0,958
154.05,1012
154.1,999
154.15,1008
154.2,1025
154.25,1005
154.3,1015
154.35,1019
154.4,995
154.45,987
154.5,989
154.55,1009
154.6,989
154.65,992
154.7,943
154.75,998
154.8,1042
154.85,992
154.9,975
154.95,1000
155.0,994
155.05,966
155.1,1019
155.15,1045
155.2,1001
155.25,974
155.3,985
155.35,979
155.4,949
155.45,1008
155.5,1048
155.55,977
155.6,987
155.65,993
155.7,984
155.75,963
155.8,995
155.85,1007
155.9,1035
155.95,1034
156.0,1054
156.05,1012
156.1,1014
156.15,1008
156.2,972
156.25,1023
156.3,1006
156.35,1041
156.4,1001
156.45,946
156.5,1039
156.55,1003
156.6,1046
156.65,1030
156.7,1025
156.75,963
156.8,996
156.85,1035
156.9,1032
156.95,1030
157.0,993
157.05,1055
157.1,1031
157.15,953
157.2,1008
157.25,1059
157.3,1066
157.35,1007
157.4,973
157.45,1052
157.5,957
157.55,989
157.6,1042
157.65,951
157.7,1015
157.75,999
157.8,1008
157.85,1032
157.9,1024
157.95,949
158.0,1014
158.05,1005
158.1,1070
158.15,1042
158.2,919
158.25,1028
158.3,995
158.35,1007
158.4,995
158.45,1014
158.5,1013
158.55,1065
158.6,1021
158.65,1022
158.7,1030
158.75,1035
158.8,1048
158.85,1003
158.9,1023
158.95,1062
159.0,1025
159.05,969
159.1,990
159.15,1011
159.2,1010
159.25,1037
159.3,1029
159.35,1039
159.4,1012
159.45,1003
159.5,1044
159.55,992
159.6,1015
159.65,1046
159.7,983
159.75,986
159.8,997
159.85,1016
159.9,1035
159.95,979
160.0,1011
160.05,1011
160.1,1019
160.15,1049
160.2,994
160.25,993
160.3,1026
160.35,1026
160.4,1035
160.45,1018
160.5,989
160.55,1012
160.6,983
160.65,999
160.7,1014
160.75,1042
160.8,993
160.85,977
160.9,987
160.95,1030
161.0,1002
161.05,1018
161.1,991
161.15,1009
161.2,986
161.25,1012
161.3,1023
161.35,993
161.4,1000
161.45,968
161.5,1016
161.55,991
161.6,976
161.65,1006
161.7,1044
161.75,964
161.8,1035
161.85,1015
161.9,1045
161.95,1065
162.0,1042
162.05,1018
162.1,1020
162.15,1021
162.2,1007
162.25,980
162.3,1012
162.35,1039
162.4,944
162.45,1072
162.5,1026
162.55,1007
162.6,984
162.65,1001
162.7,977
162.75,1025
162.8,958
162.85,1014
162.9,1015
162.95,1024
163.0,1012
163.05,999
163.1,1061
163.15,1016
163.2,1004
163.25,1003
163.3,1009
163.35,1053
163.4,1031
163.45,958
163.5,994
163.55,1045
163.6,980
163.65,1009
163.7,1006
163.75,1073
163.8,1021
163.85,951
163.9,1018
163.95,1019
164.0,978
164.05,936
164.1,1051
164.15,960
164.2,977
164.25,997
164.3,1032
164.35,1023
164.4,1013
164.45,1023
164.5,1017
164.55,1046
164.6,1005
164.65,1050
164.7,989
164.75,990
164.8,1022
164.85,989
164.9,1000
164.95,1005
165.0,1049
165.05,990
165.1,1017
165.15,1002
165.2,1020
165.25,1007
165.3,974
165.35,1008
165.4,1014
165.45,991
165.5,1019
165.55,1005
165.6,954
165.65,1016
165.7,1056
165.75,962
165.8,1029
165.85,1034
165.9,978
165.95,957
166.0,992
166.05,1007
166.1,981
166.15,1035
166.2,1016
166.25,1012
166.3,981
166.35,959
166.4,1031
166.45,1008
166.5,1048
166.55,1021
166.6,1044
166.65,988
166.7,999
166.75,1010
166.8,1063
166.85,1051
166.9,968
166.95,985
167.0,1004
167.05,972
167.1,986
167.15,1019
167.2,1016
167.25,1037
167.3,983
167.35,999
167.4,1005
167.45,1033
167.5,963
167.55,944
167.6,997
167.65,1024
167.7,974
167.75,1042
167.8,1027
167.85,965
167.9,951
167.95,1054
168.0,967
168.05,993
168.1,1032
168.15,1000
168.2,987
168.25,1032
168.3,976
168.35,975
168.4,1004
168.45,956
168.5,998
168.55,954
168.6,977
168.65,947
168.7,977
168.75,969
168.8,1003
168.85,966
168.9,949
168.95,1027
169.0,1009
169.05,980
169.1,1009
169.15,1014
169.2,971
169.25,1033
169.3,997
169.35,966
169.4,1011
169.45,958
169.5,964
169.55,946
169.6,987
169.65,991
169.7,1005
169.75,1045
169.8,936
169.85,987
169.9,986
169.95,1011
170.0,946
170.05,904
170.1,924
170.15,1046
170.2,982
170.25,1058
170.3,961
170.35,914
170.4,942
170.45,906
170.5,978
170.55,955
170.6,887
170.65,940
170.7,956
170.75,948
170.8,908
170.85,906
170.9,881
170.95,925
171.0,909
171.05,887
171.1,889
171.15,935
171.2,870
171.25,939
171.3,966
171.35,922
171.4,938
171.45,923
171.5,933
171.55,987
171.6,967
171.65,932
171.7,879
171.75,914
171.8,937
171.85,958
171.9,926
171.95,917
172.0,909
172.05,901
172.1,875
172.15,948
172.2,911
172.25,857
172.3,907
172.35,878
172.4,878
172.45,864
172.5,907
172.55,922
172.6,906
172.65,928
172.7,908
172.75,903
172.8,970
172.85,934
172.9,930
172.95,894
173.0,935
173.05,940
173.1,927
173.15,959
173.2,868
173.25,927
173.3,920
173.35,919
173.4,898
173.45,924
173.5,931
173.55,920
173.6,949
173.65,946
173.7,1018
173.75,882
173.8,951
173.85,944
173.9,924
173.95,915
174.0,963
174.05,908
174.1,896
174.15,922
174.2,952
174.25,940
174.3,958
174.35,985
174.4,927
174.45,915
174.5,917
174.55,940
174.6,933
174.65,980
174.7,943
174.75,930
174.8,892
174.85,1003
174.9,981
174.95,993
175.0,968
175.05,932
175.1,913
175.15,981
175.2,927
175.25,996
175.3,950
175.35,967
175.4,1045
175.45,994
175.5,1013
175.55,972
175.6,960
175.65,1001
175.7,1031
175.75,980
175.8,989
175.85,1006
175.9,937
175.95,1000
176.0,957
176.05,956
176.1,1006
176.15,998
176.2,952
176.25,1020
176.3,981
176.35,1006
176.4,998
176.45,953
176.5,957
176.55,987
176.6,985
176.65,966
176.7,925
176.75,999
176.8,1013
176.85,1033
176.9,969
176.95,970
177.0,987
177.05,1002
177.1,981
177.15,980
177.2,977
177.25,965
177.3,984
177.35,991
177.4,991
177.45,1024
177.5,981
177.55,985
177.6,969
177.65,940
177.7,956
177.75,998
177.8,983
177.85,1011
177.9,1002
177.95,967
178.0,982
178.05,1039
178.1,1017
178.15,963
178.2,994
178.25,993
178.3,940
178.35,999
178.4,985
178.45,985
178.5,1008
178.55,958
178.6,1017
178.65,1019
178.7,971
178.75,998
178.8,1034
178.85,996
178.9,991
178.95,992
179.0,1000
179.05,1011
179.1,960
179.15,977
179.2,1004
179.25,979
179.3,1010
179.35,1042
179.4,983
179.45,1031
179.5,1047
179.55,1037
179.6,970
179.65,975
179.7,1061
179.75,1001
179.8,1009
179.85,1006
179.9,987
179.95,1004
180.0,1057
180.05,979
180.1,1028
180.15,1032
180.2,971
180.25,1046
180.3,1022
180.35,1037
180.4,1027
180.45,1050
180.5,1037
180.55,1058
180.6,1019
180.65,966
180.7,1057
180.75,954
180.8,989
180.85,1036
180.9,985
180.95,946
181.0,998
181.05,1020
181.1,990
181.15,1054
181.2,981
181.25,1073
181.3,1013
181.35,991
181.4,981
181.45,968
181.5,1045
181.55,1020
181.6,988
181.65,1026
181.7,994
181.75,973
181.8,1014
181.85,974
181.9,1026
181.95,995
182.0,1033
182.05,972
182.1,1012
182.15,995
182.2,981
182.25,976
182.3,1018
182.35,987
182.4,1022
182.45,972
182.5,1020
182.55,1031
182.6,1036
182.65,1027
182.7,969
182.75,991
182.8,1047
182.85,1046
182.9,1013
182.95,1005
183.0,973
183.05,1016
183.1,999
183.15,1042
183.2,970
183.25,1022
183.3,968
183.35,990
183.4,1007
183.45,972
183.5,1028
183.55,989
183.6,1026
183.65,965
183.7,1069
183.75,996
183.8,992
183.85,1000
183.9,1053
183.95,993
184.0,990
184.05,1005
184.1,1009
184.15,981
184.2,1003
184.25,1018
184.3,1000
184.35,967
184.4,925
184.45,1024
184.5,958
184.55,973
184.6,996
184.65,1015
184.7,1019
184.75,1087
184.8,1037
184.85,1031
184.9,1057
184.95,1060
185.0,999
185.05,976
185.1,1063
185.15,995
185.2,1014
185.25,1003
185.3,991
185.35,1056
185.4,974
185.45,982
185.5,961
185.55,990
185.6,943
185.65,1037
185.7,971
185.75,1018
185.8,1062
185.85,1081
185.9,1071
185.95,1044
186.0,1032
186.05,992
186.1,975
186.15,1009
186.2,1045
186.25,1003
186.3,1026
186.35,1041
186.4,993
186.45,1016
186.5,995
186.55,1039
186.6,1012
186.65,974
186.7,972
186.75,1046
186.8,1013
186.85,1041
186.9,959
186.95,1057
187.0,1040
187.05,965
187.1,975
187.15,1070
187.2,1039
187.25,1044
187.3,989
187.35,1071
187.4,1030
187.45,1025
187.5,964
187.55,980
187.6,999
187.65,955
187.7,1010
187.75,1008
187.8,1016
187.85,1017
187.9,1076
187.95,1116
188.0,1043
188.05,1003
188.1,976
188.15,986
188.2,1003
188.25,1080
188.3,1026
188.35,965
188.4,1039
188.45,1032
188.5,1048
188.55,1006
188.6,1007
188.65,993
188.7,1020
188.75,1012
188.8,1019
188.85,1093
188.9,1046
188.95,972
189.0,1008
189.05,1026
189.1,1037
189.15,1051
189.2,1058
189.25,1045
189.3,1000
189.35,980
189.4,1013
189.45,1075
189.5,1000
189.55,1031
189.6,984
189.65,1075
189.7,1039
189.75,1074
189.8,1039
189.85,1044
189.9,988
189.95,1064
190.0,1013
190.05,1045
190.1,1009
190.15,1046
190.2,953
190.25,1034
190.3,1019
190.35,973
190.4,1010
190.45,1014
190.5,1024
190.55,969
190.6,1074
190.65,1031
190.7,996
190.75,1061
190.8,1003
190.85,966
190.9,1047
190.95,999
191.0,1011
191.05,1088
191.1,1037
191.15,986
191.2,976
191.25,1015
191.3,1037
191.35,1062
191.4,1081
191.45,982
191.5,1064
191.55,1022
191.6,1050
191.65,942
191.7,1033
191.75,1052
191.8,1060
191.85,1057
191.9,931
191.95,1000
192.0,978
192.05,1063
192.1,1060
192.15,1051
192.2,1009
192.25,1042
192.3,970
192.35,1008
192.4,1017
192.45,1017
192.5,1034
192.55,1055
192.6,1027
192.65,1033
192.7,1032
192.75,1025
192.8,1028
192.85,1023
192.9,1026
192.95,1000
193.0,1057
193.05,996
193.1,997
193.15,1011
193.2,1038
193.25,1038
193.3,971
193.35,1047
193.4,974
193.45,1021
193.5,984
193.55,980
193.6,1005
193.65,964
193.7,1005
193.75,1035
193.8,951
193.85,1038
193.9,968
193.95,1038
194.0,1007
194.05,953
194.1,1041
194.15,975
194.2,1023
194.25,981
194.3,1054
194.35,1008
194.4,1008
194.45,997
194.5,1023
194.55,1023
194.6,1059
194.65,1076
194.7,1040
194.75,1009
194.8,961
194.85,921
194.9,984
194.95,1102
195.0,1048
195.05,1026
195.1,1014
195.15,1036
195.2,1073
195.25,931
195.3,1014
195.35,1044
195.4,1011
195.45,1049
195.5,972
195.55,998
195.6,1008
195.65,1028
195.7,1019
195.75,987
195.8,1052
195.85,1028
195.9,1073
195.95,1027
196.0,1012
196.05,1080
196.1,1047
196.15,1050
196.2,1026
196.25,997
196.3,1002
196.35,1037
196.4,1021
196.45,1018
196.5,1021
196.55,1024
196.6,1023
196.65,1026
196.7,983
196.75,1035
196.8,1005
196.85,1020
196.9,1059
196.95,1021
197.0,1009
197.05,1064
197.1,1013
197.15,1074
197.2,1013
197.25,988
197.3,993
197.35,1046
197.4,1000
197.45,1068
197.5,1047
197.55,970
197.6,1054
197.65,1093
197.7,981
197.75,977
197.8,1055
197.85,977
197.9,1007
197.95,1014
198.0,973
198.05,1023
198.1,1003
198.15,1010
198.2,970
198.25,1030
198.3,1034
198.35,983
198.4,1021
198.45,1037
198.5,991
198.55,1068
198.6,1055
198.65,969
198.7,956
198.75,1052
198.8,1030
198.85,958
198.9,1021
198.95,1046
199.0,1071
199.05,1047
199.1,989
199.15,1007
199.2,1055
199.25,968
199.3,1089
199.35,993
199.4,987
199.45,987
199.5,997
199.55,1012
199.6,956
199.65,1002
199.7,1034
199.75,1107
199.8,987
199.85,997
199.9,1072
199.95,1047
200.0,984
200.05,1004
200.1,1047
200.15,1017
200.2,1039
200.25,984
200.3,985
200.35,1004
200.4,997
200.45,974
200.5,948
200.55,988
200.6,992
200.65,1046
200.7,1037
200.75,985
200.8,1069
200.85,1028
200.9,943
200.95,1050
201.0,996
201.05,977
201.1,998
201.15,1019
201.2,1014
201.25,1048
201.3,1014
201.35,1013
201.4,1065
201.45,1043
201.5,989
201.55,1001
201.6,993
201.65,1042
201.7,1058
201.75,988
201.8,1008
201.85,1000
201.9,995
201.95,1069
202.0,974
202.05,952
202.1,983
202.15,946
202.2,989
202.25,969
202.3,1028
202.35,999
202.4,1072
202.45,1071
202.5,970
202.55,991
202.6,1015
202.65,985
202.7,1025
202.75,1031
202.8,966
202.85,958
202.9,1037
202.95,1043
203.0,953
203.05,990
203.1,991
203.15,990
203.2,967
203.25,1032
203.3,1033
203.35,976
203.4,978
203.45,1005
203.5,1056
203.55,1050
203.6,1002
203.65,956
203.7,973
203.75,963
203.8,972
203.85,970
203.9,963
203.95,1035
204.0,998
204.05,973
204.1,1076
204.15,1060
204.2,998
204.25,962
204.3,976
204.35,995
204.4,1000
204.45,957
204.5,958
204.55,1016
204.6,1071
204.65,985
204.7,1022
204.75,932
204.8,958
204.85,1018
204.9,977
204.95,971
205.0,1000
205.05,1006
205.1,992
205.15,980
205.2,1003
205.25,960
205.3,1019
205.35,1001
205.4,982
205.45,945
205.5,970
205.55,1015
205.6,972
205.65,983
205.7,1000
205.75,991
205.8,1002
205.85,990
205.9,981
205.95,1028
206.0,1008
206.05,1017
206.1,1024
206.15,976
206.2,1032
206.25,1012
206.3,1055
206.35,967
206.4,1029
206.45,1002
206.5,1017
206.55,1001
206.6,1009
206.65,1013
206.7,967
206.75,965
206.8,984
206.85,961
206.9,1009
206.95,954
207.0,984
207.05,1012
207.1,1004
207.15,936
207.2,990
207.25,968
207.3,976
207.35,969
207.4,1000
207.45,960
207.5,961
207.55,991
207.6,998
207.65,991
207.7,973
207.75,941
207.8,987
207.85,949
207.9,977
207.95,1000
208.0,973
208.05,945
208.1,965
208.15,933
208.2,977
208.25,981
208.3,940
208.35,1016
208.4,1006
208.45,955
208.5,979
208.55,1077
208.6,1005
208.65,961
208.7,1039
208.75,972
208.8,982
208.85,974
208.9,963
208.95,998
209.0,945
209.05,1039
209.1,950
209.15,893
209.2,930
209.25,1032
209.3,933
209.35,985
209.4,983
209.45,977
209.5,1049
209.55,978
209.6,991
209.65,1048
209.7,1010
209.75,1027
209.8,993
209.85,1080
209.9,1007
209.95,1019
210.0,1029
210.05,994
210.1,1082
210.15,984
210.2,1020
210.25,1033
210.3,1024
210.35,999
210.4,962
210.45,1030
210.5,978
210.55,1006
210.6,978
210.65,1007
210.7,1019
210.75,1029
210.8,1021
210.85,1015
210.9,1041
210.95,998
211.0,1055
211.05,1093
211.1,1019
211.15,985
211.2,1033
211.25,1028
211.3,978
211.35,1007
211.4,959
211.45,997
211.5,987
211.55,1026
211.6,1005
211.65,1005
211.7,980
211.75,958
211.8,1017
211.85,975
211.9,990
211.95,982
212.0,983
212.05,1002
212.1,1016
212.15,997
212.2,1029
212.25,973
212.3,989
212.35,942
212.4,1003
212.45,1036
212.5,985
212.55,1044
212.6,969
212.65,944
212.7,966
212.75,987
212.8,1003
212.85,987
212.9,973
212.95,1039
213.0,1037
213.05,1032
213.1,997
213.15,999
213.2,1039
213.25,996
213.3,993
213.35,1005
213.4,992
213.45,1046
213.5,1048
213.55,993
213.6,1026
213.65,988
213.7,996
213.75,977
213.8,1036
213.85,1021
213.9,986
213.95,1011
214.0,962
214.05,1022
214.1,1010
214.15,1057
214.2,1055
214.25,978
214.3,1078
214.35,963
214.4,1028
214.45,969
214.5,1015
214.55,950
214.6,1005
214.65,952
214.7,992
214.75,957
214.8,999
214.85,999
214.9,1002
214.95,970
215.0,991
215.05,920
215.1,995
215.15,1001
215.2,1026
215.25,989
215.3,1026
215.35,1014
215.4,1029
215.45,1007
215.5,988
215.55,1076
215.6,1048
215.65,1020
215.7,1016
215.75,990
215.8,1008
215.85,986
215.9,959
215.95,973
216.0,1031
216.05,1023
216.1,1031
216.15,972
216.2,978
216.25,992
216.3,1010
216.35,1054
216.4,951
216.45,1020
216.5,996
216.55,946
216.6,1009
216.65,988
216.7,992
216.75,964
216.8,1021
216.85,1056
216.9,1039
216.95,1033
217.0,1082
217.05,1024
217.1,998
217.15,1050
217.2,1002
217.25,1060
217.3,1039
217.35,987
217.4,1045
217.45,1035
217.5,1054
217.55,974
217.6,1027
217.65,985
217.7,1033
217.75,984
217.8,1006
217.85,1033
217.9,932
217.95,1018
218.0,1003
218.05,1039
218.1,982
218.15,1036
218.2,1015
218.25,1043
218.3,1026
218.35,951
218.4,1034
218.45,1051
218.5,1063
218.55,1016
218.6,945
218.65,995
218.7,1030
218.75,946
218.8,1029
218.85,978
218.9,1018
218.95,953
219.0,1072
219.05,1008
219.1,966
219.15,981
219.2,988
219.25,1000
219.3,995
219.35,1006
219.4,986
219.45,996
219.5,1007
219.55,1045
219.6,1011
219.65,984
219.7,1014
219.75,963
219.8,957
219.85,976
219.9,1015
219.95,964
220.0,1012
220.05,958
220.1,983
220.15,993
220.2,974
220.25,1001
220.3,971
220.35,985
220.4,964
220.45,971
220.5,974
220.55,992
220.6,938
220.65,926
220.7,919
220.75,1017
220.8,919
220.85,978
220.9,941
220.95,941
221.0,981
221.05,1011
221.1,980
221.15,1036
221.2,1005
221.25,964
221.3,951
221.35,933
221.4,995
221.45,960
221.5,990
221.55,1029
221.6,950
221.65,988
221.7,889
221.75,939
221.8,1016
221.85,947
221.9,967
221.95,994
222.0,991
222.05,964
222.1,999
222.15,1008
222.2,1010
222.25,953
222.3,925
222.35,967
222.4,995
222.45,953
222.5,1004
222.55,979
222.6,1014
222.65,971
222.7,943
222.75,938
222.8,997
222.85,972
222.9,962
222.95,952
223.0,1022
223.05,998
223.1,914
223.15,918
223.2,931
223.25,1035
223.3,955
223.35,1041
223.4,988
223.45,899
223.5,1032
223.55,966
223.6,963
223.65,1006
223.7,1069
223.75,939
223.8,990
223.85,1010
223.9,999
223.95,980
224.0,1026
224.05,1011
224.1,949
224.15,964
224.2,1034
224.25,987
224.3,965
224.35,987
224.4,979
224.45,1001
224.5,944
224.55,993
224.6,1015
224.65,1009
224.7,958
224.75,1027
224.8,955
224.85,948
224.9,959
224.95,1024
225.0,1008
225.05,999
225.1,1010
225.15,969
225.2,975
225.25,966
225.3,995
225.35,1088
225.4,892
225.45,959
225.5,970
225.55,908
225.6,989
225.65,1026
225.7,991
225.75,1003
225.8,1009
225.85,979
225.9,1040
225.95,978
226.0,1014
226.05,976
226.1,952
226.15,980
226.2,945
226.25,964
226.3,1046
226.35,971
226.4,1011
226.45,929
226.5,991
226.55,977
226.6,1022
226.65,995
226.7,974
226.75,962
226.8,987
226.85,991
226.9,964
226.95,942
227.0,992
227.05,965
227.1,1021
227.15,983
227.2,969
227.25,954
227.3,1002
227.35,948
227.4,933
227.45,1032
227.5,980
227.55,1016
227.6,957
227.65,965
227.7,985
227.75,1039
227.8,936
227.85,943
227.9,978
227.95,1010
228.0,996
228.05,1017
228.1,939
228.15,989
228.2,948
228.25,1007
228.3,983
228.35,1012
228.4,993
228.45,979
228.5,970
228.55,995
228.6,1041
228.65,980
228.7,981
228.75,1015
228.8,997
228.85,1057
228.9,972
228.95,985
229.0,996
229.05,926
229.1,1034
229.15,1025
229.2,993
229.25,1009
229.3,904
229.35,1000
229.4,980
229.45,957
229.5,1018
229.55,967
229.6,1022
229.65,953
229.7,1064
229.75,954
229.8,1054
229.85,938
229.9,994
229.95,985
230.0,975
230.05,973
230.1,947
230.15,994
230.2,962
230.25,987
230.3,1031
230.35,974
230.4,1014
230.45,1019
230.5,1021
230.55,982
230.6,1010
230.65,1044
230.7,966
230.75,973
230.8,977
230.85,956
230.9,1027
230.95,1062
231.0,1038
231.05,970
231.1,975
231.15,978
231.2,969
231.25,968
231.3,980
231.35,962
231.4,1027
231.45,1021
231.5,979
231.55,945
231.6,887
231.65,904
231.7,956
231.75,918
231.8,978
231.85,971
231.9,949
231.95,944
232.0,939
232.05,952
232.1,947
232.15,940
232.2,988
232.25,913
232.3,992
232.35,1016
232.4,990
232.45,952
232.5,934
232.55,889
232.6,939
232.65,963
232.7,931
232.75,979
232.8,920
232.85,962
232.9,968
232.95,974
233.0,965
233.05,959
233.1,914
233.15,973
233.2,1023
233.25,975
233.3,999
233.35,900
233.4,1027
233.45,978
233.5,939
233.55,942
233.6,931
233.65,965
233.7,986
233.75,958
233.8,993
233.85,991
233.9,961
233.95,988
234.0,997
234.05,1009
234.1,952
234.15,996
234.2,999
234.25,994
234.3,957
234.35,985
234.4,918
234.45,1016
234.5,997
234.55,1008
234.6,984
234.65,944
234.7,1012
234.75,1015
234.8,1011
234.85,930
234.9,938
234.95,961
235.0,983
235.05,996
235.1,1003
235.15,990
235.2,1006
235.25,941
235.3,968
235.35,1034
235.4,1006
235.45,968
235.5,976
235.55,941
235.6,985
235.65,993
235.7,960
235.75,945
235.8,945
235.85,998
235.9,1020
235.95,958
236.0,984
236.05,956
236.1,1022
236.15,919
236.2,981
236.25,989
236.3,973
236.35,993
236.4,953
236.45,1010
236.5,1000
236.55,953
236.6,989
236.65,1008
236.7,1000
236.75,935
236.8,969
236.85,939
236.9,971
236.95,1034
237.0,950
237.05,1015
237.1,995
237.15,977
237.2,1029
237.25,1024
237.3,994
237.35,1029
237.4,981
237.45,1009
237.5,938
237.55,1015
237.6,941
237.65,997
237.7,961
237.75,983
237.8,1026
237.85,960
237.9,1055
237.95,1010
238.0,948
238.05,998
238.1,987
238.15,1011
238.2,923
238.25,1005
238.3,959
238.35,991
238.4,959
238.45,925
238.5,1003
238.55,1045
238.6,951
238.65,964
238.7,936
238.75,955
238.8,1012
238.85,991
238.9,939
238.95,957
239.0,1026
239.05,997
239.1,1005
239.15,1011
239.2,1000
239.25,1002
239.3,989
239.35,968
239.4,987
239.45,1026
239.5,990
239.55,997
239.6,944
239.65,1000
239.7,938
239.75,997
239.8,944
239.85,1023
239.9,1015
239.95,993
240.0,967
240.05,1003
240.1,1015
240.15,983
240.2,1035
240.25,971
240.3,992
240.35,999
240.4,1011
240.45,999
240.5,966
240.55,990
240.6,985
240.65,931
240.7,973
240.75,1012
240.8,919
240.85,990
240.9,1037
240.95,979
241.0,943
241.05,1041
241.1,1019
241.15,996
241.2,1004
241.25,1016
241.3,987
241.35,987
241.4,932
241.45,1019
241.5,1034
241.55,968
241.6,997
241.65,935
241.7,989
241.75,980
241.8,939
241.85,960
241.9,1001
241.95,1032
242.0,967
242.05,987
242.1,961
242.15,945
242.2,972
242.25,1018
242.3,929
242.35,1009
242.4,1018
242.45,1002
242.5,968
242.55,964
242.6,1015
242.65,959
242.7,965
242.75,940
242.8,955
242.85,989
242.9,982
242.95,993
243.0,947
243.05,907
243.1,998
243.15,1028
243.2,935
243.25,968
243.3,998
243.35,981
243.4,948
243.45,991
243.5,986
243.55,1028
243.6,1037
243.65,1021
243.7,987
243.75,951
243.8,961
243.85,964
243.9,1002
243.95,957
244.0,910
244.05,968
244.1,977
244.15,978
244.2,978
244.25,1026
244.3,1008
244.35,956
244.4,949
244.45,971
244.5,944
244.55,955
244.6,963
244.65,1022
244.7,1023
244.75,1012
244.8,1002
244.85,982
244.9,915
244.95,957
245.0,1003
245.05,1028
245.1,1014
245.15,978
245.2,969
245.25,1001
245.3,1045
245.35,1021
245.4,1033
245.45,969
245.5,1028
245.55,1013
245.6,1047
245.65,975
245.7,981
245.75,932
245.8,995
245.85,972
245.9,954
245.95,967
246.0,1025
246.05,958
246.1,980
246.15,984
246.2,952
246.25,959
246.3,988
246.35,905
246.4,1002
246.45,982
246.5,1033
246.55,987
246.6,998
246.65,930
246.7,995
246.75,979
246.8,966
246.85,963
246.9,987
246.95,959
247.0,988
247.05,923
247.1,975
247.15,983
247.2,986
247.25,1006
247.3,941
247.35,995
247.4,984
247.45,934
247.5,960
247.55,888
247.6,995
247.65,994
247.7,969
247.75,993
247.8,985
247.85,936
247.9,973
247.95,992
248.0,969
248.05,940
248.1,1025
248.15,930
248.2,940
248.25,987
248.3,997
248.35,963
248.4,978
248.45,960
248.5,982
248.55,996
248.6,968
248.65,968
248.7,1021
248.75,964
248.8,1025
248.85,952
248.9,1010
248.95,921
249.0,957
249.05,963
249.1,965
249.15,979
249.2,985
249.25,1020
249.3,993
249.35,968
249.4,987
249.45,974
249.5,1021
249.55,955
249.6,940
249.65,1003
249.7,935
249.75,979
249.8,1017
249.85,929
249.9,999
249.95,980
250.0,952
250.05,970
250.1,972
250.15,1006
250.2,996
250.25,968
250.3,948
250.35,1019
250.4,961
250.45,1006
250.5,965
250.55,922
250.6,903
250.65,982
250.7,942
250.75,998
250.8,972
250.85,963
250.9,954
250.95,986
251.0,959
251.05,1014
251.1,994
251.15,968
251.2,950
251.25,964
251.3,928
251.35,971
251.4,1024
251.45,954
251.5,959
251.55,1037
251.6,1000
251.65,954
251.7,960
251.75,1017
251.8,1043
251.85,995
251.9,970
251.95,907
252.0,991
252.05,1020
252.1,980
252.15,978
252.2,978
252.25,976
252.3,1000
252.35,938
252.4,981
252.45,952
252.5,958
252.55,965
252.6,968
252.65,948
252.7,955
252.75,933
252.8,983
252.85,956
252.9,1018
252.95,1010
253.0,947
253.05,988
253.1,953
253.15,943
253.2,1002
253.25,919
253.3,957
253.35,993
253.4,909
253.45,934
253.5,959
253.55,1012
253.6,949
253.65,952
253.7,965
253.75,947
253.8,947
253.85,963
253.9,921
253.95,965
254.0,1002
254.05,937
254.1,912
254.15,1008
254.2,993
254.25,925
254.3,1016
254.35,993
254.4,1008
254.45,997
254.5,985
254.55,1015
254.6,997
254.65,990
254.7,969
254.75,989
254.8,929
254.85,1019
254.9,977
254.95,997
255.0,1005
255.05,926
255.1,977
255.15,1032
255.2,1041
255.25,1016
255.3,1004
255.35,983
255.4,958
255.45,994
255.5,952
255.55,949
255.6,973
255.65,1000
255.7,981
255.75,1021
255.8,974
255.85,944
255.9,982
255.95,946
256.0,943
256.05,961
256.1,978
256.15,951
256.2,988
256.25,922
256.3,979
256.35,963
256.4,917
256.45,943
256.5,1001
256.55,940
256.6,960
256.65,975
256.7,949
256.75,955
256.8,956
256.85,977
256.9,992
256.95,980
257.0,920
257.05,968
257.1,994
257.15,1011
257.2,1008
257.25,993
257.3,999
257.35,943
257.4,968
257.45,1023
257.5,1017
257.55,1010
257.6,1004
257.65,1010
257.7,976
257.75,981
257.8,986
257.85,995
257.9,950
257.95,954
258.0,942
258.05,922
258.1,972
258.15,950
258.2,993
258.25,1017
258.3,1022
258.35,997
258.4,954
258.45,977
258.5,979
258.55,965
258.6,994
258.65,983
258.7,967
258.75,984
258.8,923
258.85,979
258.9,998
258.95,938
259.0,963
259.05,1000
259.1,966
259.15,937
259.2,902
259.25,1022
259.3,993
259.35,992
259.4,997
259.45,947
259.5,917
259.55,1020
259.6,1018
259.65,953
259.7,990
259.75,994
259.8,994
259.85,993
259.9,967
259.95,946
260.0,907
260.05,1003
260.1,984
260.15,947
260.2,1014
260.25,999
260.3,1013
260.35,956
260.4,994
260.45,977
260.5,916
260.55,1037
260.6,1065
260.65,985
260.7,1026
260.75,955
260.8,931
260.85,965
260.9,1007
260.95,984
261.0,915
261.05,1030
261.1,988
261.15,935
261.2,953
261.25,965
261.3,974
261.35,1031
261.4,909
261.45,987
261.5,966
261.55,991
261.6,982
261.65,922
261.7,920
261.75,938
261.8,971
261.85,961
261.9,995
261.95,960
262.0,902
262.05,1013
262.1,951
262.15,941
262.2,993
262.25,966
262.3,984
262.35,902
262.4,987
262.45,966
262.5,961
262.55,929
262.6,987
262.65,942
262.7,939
262.75,987
262.8,1025
262.85,962
262.9,1017
262.95,922
263.0,1033
263.05,996
263.1,959
263.15,1010
263.2,964
263.25,960
263.3,969
263.35,975
263.4,979
263.45,939
263.5,978
263.55,962
263.6,944
263.65,982
263.7,959
263.75,982
263.8,958
263.85,938
263.9,991
263.95,892
264.0,919
264.05,955
264.1,883
264.15,962
264.2,969
264.25,988
264.3,968
264.35,958
264.4,952
264.45,932
264.5,954
264.55,976
264.6,978
264.65,970
264.7,1000
264.75,977
264.8,966
264.85,944
264.9,969
264.95,937
265.0,926
265.05,954
265.1,968
265.15,941
265.2,937
265.25,981
265.3,959
265.35,927
265.4,979
265.45,991
265.5,1022
265.55,964
265.6,976
265.65,978
265.7,880
265.75,944
265.8,990
265.85,968
265.9,953
265.95,989
266.0,952
266.05,973
266.1,997
266.15,949
266.2,967
266.25,985
266.3,951
266.35,952
266.4,914
266.45,991
266.5,954
266.55,933
266.6,998
266.65,978
266.7,1008
266.75,950
266.8,958
266.85,958
266.9,964
266.95,945
267.0,1023
267.05,1059
267.1,1025
267.15,968
267.2,934
267.25,1021
267.3,1025
267.35,1002
267.4,971
267.45,1002
267.5,938
267.55,965
267.6,955
267.65,997
267.7,1019
267.75,936
267.8,962
267.85,926
267.9,930
267.95,923
268.0,927
268.05,949
268.1,972
268.15,937
268.2,960
268.25,949
268.3,922
268.35,963
268.4,940
268.45,992
268.5,971
268.55,940
268.6,925
268.65,973
268.7,977
268.75,985
268.8,929
268.85,958
268.9,1014
268.95,984
269.0,992
269.05,976
269.1,963
269.15,958
269.2,909
269.25,954
269.3,921
269.35,1014
269.4,997
269.45,971
269.5,930
269.55,1009
269.6,956
269.65,894
269.7,945
269.75,1013
269.8,1017
269.85,983
269.9,893
269.95,938
270.0,953
